<?xml version="1.0" encoding="UTF-8"?>
<veicoli>
   <veicolo>
      <ID>1234567890</ID>
      <misura>
         <temperatura>-31.2</temperatura>
         <data_ora>2022-03-10T00:31:59</data_ora>
      </misura>
      <misura>
         <temperatura>-30.9</temperatura>
         <data_ora>2022-03-10T01:01:22</data_ora>
      </misura>
   </veicolo>
   <veicolo>
      <ID>9876543210</ID>
      <misura>
         <temperatura>-29.9</temperatura>
         <data_ora>2022-03-10T05:55:59</data_ora>
      </misura>
      <misura>
         <temperatura>-30.5</temperatura>
         <data_ora>2022-03-10T06:31:19</data_ora>
      </misura>
      <misura>
         <temperatura>-30.9</temperatura>
         <data_ora>2022-03-10T07:11:01</data_ora>
      </misura>
   </veicolo>
</veicoli>